{
  "createdAt": "2026-01-07T15:12:50.959Z",
  "app": "atlas-crm",
  "version": "1.0",
  "tablesExported": 5,
  "totalRecords": 21,
  "tables": [
    "company",
    "user",
    "profile",
    "supplier",
    "client",
    "appointment",
    "contract",
    "billboard",
    "invoice",
    "purchaseOrder",
    "quote",
    "deliveryNote",
    "recurrence",
    "payment",
    "item",
    "project",
    "task",
    "taskStep",
    "city",
    "area",
    "billboardType",
    "displayBoard",
    "structureType",
    "lessorType",
    "documentModel",
    "receipt",
    "dibursement",
    "source",
    "fiscalObject",
    "transactionCategory",
    "transactionNature",
    "allocation",
    "deletion",
    "notification",
    "notificationRead",
    "dibursementData",
    "permission",
    "session",
    "account",
    "verification",
    "rateLimit",
    "productService"
  ]
}