id,profileId,resource,actions,createdAt,updatedAt
317cf6e1-595d-4e87-9b98-c0e295c38cd0,9a43e11b-4b08-4f1d-bff8-e44f71df5e18,DASHBOARD,"[""READ"",""MODIFY"",""CREATE""]",2026-01-07T15:08:42.106Z,2026-01-07T15:08:42.106Z
e8646840-80c3-4a1e-bf1d-64caba93fe0d,9a43e11b-4b08-4f1d-bff8-e44f71df5e18,CLIENTS,"[""READ"",""MODIFY"",""CREATE""]",2026-01-07T15:08:42.106Z,2026-01-07T15:08:42.106Z
3e50c90a-24ae-4a8f-a5ad-156257213365,9a43e11b-4b08-4f1d-bff8-e44f71df5e18,SUPPLIERS,"[""READ"",""MODIFY"",""CREATE""]",2026-01-07T15:08:42.106Z,2026-01-07T15:08:42.106Z
4c8db911-0200-425c-8187-65f07ba4a662,9a43e11b-4b08-4f1d-bff8-e44f71df5e18,INVOICES,"[""READ"",""MODIFY"",""CREATE""]",2026-01-07T15:08:42.106Z,2026-01-07T15:08:42.106Z
4ef85891-05ab-48e0-a571-a9f6b4cbeb1e,9a43e11b-4b08-4f1d-bff8-e44f71df5e18,QUOTES,"[""READ"",""MODIFY"",""CREATE""]",2026-01-07T15:08:42.106Z,2026-01-07T15:08:42.106Z
1fcb7cff-7522-4faf-a8a0-c122061a828f,9a43e11b-4b08-4f1d-bff8-e44f71df5e18,DELIVERY_NOTES,"[""READ"",""MODIFY"",""CREATE""]",2026-01-07T15:08:42.106Z,2026-01-07T15:08:42.106Z
80666ec2-be9c-406e-8ead-439d101c054e,9a43e11b-4b08-4f1d-bff8-e44f71df5e18,PURCHASE_ORDER,"[""READ"",""MODIFY"",""CREATE""]",2026-01-07T15:08:42.106Z,2026-01-07T15:08:42.106Z
94c5b061-5384-43cf-bf4a-ac5a332e911f,9a43e11b-4b08-4f1d-bff8-e44f71df5e18,CREDIT_NOTES,"[""READ"",""MODIFY"",""CREATE""]",2026-01-07T15:08:42.106Z,2026-01-07T15:08:42.106Z
b1f0b385-bf9b-42b0-bb38-fcf3154abe3b,9a43e11b-4b08-4f1d-bff8-e44f71df5e18,PRODUCT_SERVICES,"[""READ"",""MODIFY"",""CREATE""]",2026-01-07T15:08:42.106Z,2026-01-07T15:08:42.106Z
48b0934f-fd0e-49ee-9dde-0e0ae1949c99,9a43e11b-4b08-4f1d-bff8-e44f71df5e18,BILLBOARDS,"[""READ"",""MODIFY"",""CREATE""]",2026-01-07T15:08:42.106Z,2026-01-07T15:08:42.106Z
655fe5c9-5cd5-42cc-9bb9-08d04e848152,9a43e11b-4b08-4f1d-bff8-e44f71df5e18,PROJECTS,"[""READ"",""MODIFY"",""CREATE""]",2026-01-07T15:08:42.106Z,2026-01-07T15:08:42.106Z
0c75efbc-a66d-466b-bd5f-1f6e665f271e,9a43e11b-4b08-4f1d-bff8-e44f71df5e18,APPOINTMENT,"[""READ"",""MODIFY"",""CREATE""]",2026-01-07T15:08:42.106Z,2026-01-07T15:08:42.106Z
f4dbd2af-269c-4747-be81-4c7816bfacab,9a43e11b-4b08-4f1d-bff8-e44f71df5e18,CONTRACT,"[""READ"",""MODIFY"",""CREATE""]",2026-01-07T15:08:42.106Z,2026-01-07T15:08:42.106Z
b24505bb-ad91-4b8b-b3cc-743e66ed1137,9a43e11b-4b08-4f1d-bff8-e44f71df5e18,TRANSACTION,"[""READ"",""MODIFY"",""CREATE""]",2026-01-07T15:08:42.106Z,2026-01-07T15:08:42.106Z
7587645f-a257-47f1-9d11-8ec439b9f15c,9a43e11b-4b08-4f1d-bff8-e44f71df5e18,SETTING,"[""READ"",""MODIFY"",""CREATE""]",2026-01-07T15:08:42.106Z,2026-01-07T15:08:42.106Z
